brand,product_code,model_number,source,status,advertised_price,list_price,availability,seller_name_raw,fetch_method,model_match,observed_at,html_sha256,screenshot_sha256,error,url
Apple,APL-P01,MFHP4LL/A,amazon_us,blocked,,,unknown,,browser,false,2026-09-23T10:26:35.093Z,4d9a0cf5fc26b953c232ab6a55248e9b2929662c4957b11f87dc67f9fdf99fe5,c743ed80340f774ae59f0bad0c5ae3675acf464e56bf2445618be266a1f645c6,"http gave status 200, no price; trying browser | blocked: captcha",https://www.amazon.com/dp/B0FQFB8FMG
Apple,APL-P01,MFHP4LL/A,bestbuy_us,failed,,,unknown,,,,2026-09-23T10:26:39.234Z,,,"http: fetch failed | browser: page.goto: net::ERR_HTTP2_PROTOCOL_ERROR at https://www.bestbuy.com/product/apple-airpods-pro-3-wireless-active-noise-cancelling-earbuds-with-heart-rate-sensing-feature-white/JJGCQLYK5F
Call log:
[2m  - navigating to ""https://www.bestbuy.com/product/apple-airpods-pro-3-wireless-active-noise-cancelling-earbuds-with-heart-rate-sensing-feature-white/JJGCQLYK5F"", waiting until ""domcontentloaded""[22m
",https://www.bestbuy.com/product/apple-airpods-pro-3-wireless-active-noise-cancelling-earbuds-with-heart-rate-sensing-feature-white/JJGCQLYK5F
Apple,APL-P01,MFHP4LL/A,walmart_us,ok,199,249,in_stock,Walmart.com,http,true,2026-09-23T10:26:19.757Z,45181ac4c3d17e65da17057795cac2a6afeae956d8a60d22589dc87a889d953e,441712c67215f807c751d1260e4db0e6e0edc4a97a7f0496fe2746b6dca474d1,,https://www.walmart.com/ip/17835006350
Apple,APL-P02,MXP93LL/A,amazon_us,blocked,,,unknown,,browser,false,2026-09-23T10:27:05.860Z,e49c5f7a868bfb8e927f26c51f42aff3bb17af65b3452c3c6c77fcfe7e35a008,c743ed80340f774ae59f0bad0c5ae3675acf464e56bf2445618be266a1f645c6,"http gave status 200, no price; trying browser | blocked: captcha",https://www.amazon.com/dp/B0DGJ7HYG1
Apple,APL-P02,MXP93LL/A,bestbuy_us,failed,,,unknown,,,,2026-09-23T10:27:28.912Z,,,"http: The operation was aborted due to timeout | browser: page.goto: net::ERR_HTTP2_PROTOCOL_ERROR at https://www.bestbuy.com/product/apple-airpods-4-with-active-noise-cancellation-white/JJGCQ832YX/sku/6447385
Call log:
[2m  - navigating to ""https://www.bestbuy.com/product/apple-airpods-4-with-active-noise-cancellation-white/JJGCQ832YX/sku/6447385"", waiting until ""domcontentloaded""[22m
",https://www.bestbuy.com/product/apple-airpods-4-with-active-noise-cancellation-white/JJGCQ832YX/sku/6447385
Apple,APL-P02,MXP93LL/A,walmart_us,ok,149,179,in_stock,Walmart.com,http,true,2026-09-23T10:26:36.389Z,500880a39851a8d393065c4f97f8ded795421d63b7c45dac71548f89c586efe5,efbc1431812a07e9f2a79a6a7d1035361c041560342ac1369f2fe502a290706d,,https://www.walmart.com/ip/11384707978
Apple,APL-P03,MXP63LL/A,amazon_us,blocked,,,unknown,,browser,false,2026-09-23T10:27:43.246Z,5fe2519d6fcc589d3f7b43af649ad7e70aafef0d2b903931f5ae8af117b8f886,c743ed80340f774ae59f0bad0c5ae3675acf464e56bf2445618be266a1f645c6,"http gave status 200, no price; trying browser | blocked: captcha",https://www.amazon.com/dp/B0DGHMNQ5Z
Apple,APL-P03,MXP63LL/A,bestbuy_us,failed,,,unknown,,,,2026-09-23T10:28:14.455Z,,,"http: The operation was aborted due to timeout | browser: page.goto: net::ERR_HTTP2_PROTOCOL_ERROR at https://www.bestbuy.com/product/apple-airpods-4-white/JJGCQ83JQ5
Call log:
[2m  - navigating to ""https://www.bestbuy.com/product/apple-airpods-4-white/JJGCQ83JQ5"", waiting until ""domcontentloaded""[22m
",https://www.bestbuy.com/product/apple-airpods-4-white/JJGCQ83JQ5
Apple,APL-P03,MXP63LL/A,walmart_us,ok,99,129.99,in_stock,Walmart.com,http,true,2026-09-23T10:26:52.973Z,c57162f8f088979e534651679a3dc6c5020202f86aaa290e6a884234a15d133e,a6fbc7aa0e1b689d643694bda9b5f9061af60c3088a9952060bf60288259da2c,,https://www.walmart.com/ip/11381374703
Apple,APL-P04,MFEA4LL/A,amazon_us,blocked,,,unknown,,browser,false,2026-09-23T10:28:19.584Z,e430993be8322f86d380828faa67d1fb0a5e7d6d86616943dbaa9f5458597ef1,c743ed80340f774ae59f0bad0c5ae3675acf464e56bf2445618be266a1f645c6,"http gave status 200, no price; trying browser | blocked: captcha",https://www.amazon.com/dp/B0GJTXVN9Z
Apple,APL-P04,MFEA4LL/A,bestbuy_us,failed,,,unknown,,,,2026-09-23T10:29:03.044Z,,,"http: The operation was aborted due to timeout | browser: page.goto: net::ERR_HTTP2_PROTOCOL_ERROR at https://www.bestbuy.com/product/apple-airtag-4-pack-2nd-generation-2026-white/JJGCQLTTF3
Call log:
[2m  - navigating to ""https://www.bestbuy.com/product/apple-airtag-4-pack-2nd-generation-2026-white/JJGCQLTTF3"", waiting until ""domcontentloaded""[22m
",https://www.bestbuy.com/product/apple-airtag-4-pack-2nd-generation-2026-white/JJGCQLTTF3
Apple,APL-P04,MFEA4LL/A,walmart_us,ok,89,99,in_stock,Walmart.com,http,true,2026-09-23T10:27:08.416Z,f93f8b52244782257a350cfa9b0614e7c8ff623857d3095871f0d963f3bc690c,983cad2a525da8b43fc2cc133dc51fccad24feab14c1d0e48f277792a2ed0e5a,,https://www.walmart.com/ip/19319566241
Apple,APL-P05,MEQT4LW/A,amazon_us,blocked,,,unknown,,browser,false,2026-09-23T10:28:58.018Z,f73d668365b46e936169f2d1c65e9ce9386b1cd109f7e80b637e6d9f5efc5124,c743ed80340f774ae59f0bad0c5ae3675acf464e56bf2445618be266a1f645c6,"http gave status 200, no price; trying browser | blocked: captcha",https://www.amazon.com/dp/B0FQFL8PZ5
Apple,APL-P05,MEQT4LW/A,bestbuy_us,failed,,,unknown,,,,2026-09-23T10:29:49.705Z,,,"http: The operation was aborted due to timeout | browser: page.goto: net::ERR_HTTP2_PROTOCOL_ERROR at https://www.bestbuy.com/product/apple-watch-series-11-gps-42mm-jet-black-aluminum-case-with-black-sport-band-s-m-jet-black-2025/JJGCQLX4W6/sku/6572702
Call log:
[2m  - navigating to ""https://www.bestbuy.com/product/apple-watch-series-11-gps-42mm-jet-black-aluminum-case-with-black-sport-band-s-m-jet-black-2025/JJGCQLX4W6/sku/6572702"", waiting until ""domcontentloaded""[22m
",https://www.bestbuy.com/product/apple-watch-series-11-gps-42mm-jet-black-aluminum-case-with-black-sport-band-s-m-jet-black-2025/JJGCQLX4W6/sku/6572702
Apple,APL-P05,MEQT4LW/A,walmart_us,ok,399,,in_stock,Walmart.com,http,true,2026-09-23T10:27:25.188Z,e608c8caa0151cabdb5fb9cb22ba676a826b37c66916b9723d095ddee1bcd6a3,ab5e61c1d7a3090f0c4f1f3fb2f115ba7cb8435be2f00b48b29c85583d1c8c7b,,https://www.walmart.com/ip/17828855920
Apple,APL-P06,MD3Y4LL/A,amazon_us,blocked,,,unknown,,browser,false,2026-09-23T10:29:35.029Z,a05280943acaded4fecda60dd024f84aea291d17a0615838074b357b7d1ca7d3,c743ed80340f774ae59f0bad0c5ae3675acf464e56bf2445618be266a1f645c6,"http gave status 200, no price; trying browser | blocked: captcha",https://www.amazon.com/dp/B0DZ77D5HL
Apple,APL-P06,MD3Y4LL/A,bestbuy_us,failed,,,unknown,,,,2026-09-23T10:30:34.717Z,,,"http: The operation was aborted due to timeout | browser: page.goto: net::ERR_HTTP2_PROTOCOL_ERROR at https://www.bestbuy.com/product/apple-11-inch-ipad-a16-chip-with-wi-fi-128gb-silver/JJGCQG39VG/sku/6578266
Call log:
[2m  - navigating to ""https://www.bestbuy.com/product/apple-11-inch-ipad-a16-chip-with-wi-fi-128gb-silver/JJGCQG39VG/sku/6578266"", waiting until ""domcontentloaded""[22m
",https://www.bestbuy.com/product/apple-11-inch-ipad-a16-chip-with-wi-fi-128gb-silver/JJGCQG39VG/sku/6578266
Apple,APL-P06,MD3Y4LL/A,walmart_us,ok,442,,in_stock,Datavision Computer Video,http,true,2026-09-23T10:27:43.879Z,b2946ab7e5f05149482f472157ca58c84ecc986ee7019c76dfe23533b184226b,103f7b7b9c9ee8007f0b0122d5b8f30f767dc2b9267af62fd1f26ffee84a9767,,https://www.walmart.com/ip/15483805722
Apple,APL-P07,MH304LL/A,amazon_us,blocked,,,unknown,,browser,false,2026-09-23T10:30:12.644Z,83fddbf3a3f26ccf7224922d8fa6f087e923682596052775db1786dd2ceb0428,c743ed80340f774ae59f0bad0c5ae3675acf464e56bf2445618be266a1f645c6,"http gave status 200, no price; trying browser | blocked: captcha",https://www.amazon.com/dp/B0GQVPX1PJ
Apple,APL-P07,MH304LL/A,bestbuy_us,failed,,,unknown,,,,2026-09-23T10:31:24.057Z,,,"http: The operation was aborted due to timeout | browser: page.goto: net::ERR_HTTP2_PROTOCOL_ERROR at https://www.bestbuy.com/product/apple-11-inch-ipad-air-m4-chip-wi-fi-128gb-space-gray/JJGCQYCTW2/sku/6586895
Call log:
[2m  - navigating to ""https://www.bestbuy.com/product/apple-11-inch-ipad-air-m4-chip-wi-fi-128gb-space-gray/JJGCQYCTW2/sku/6586895"", waiting until ""domcontentloaded""[22m
",https://www.bestbuy.com/product/apple-11-inch-ipad-air-m4-chip-wi-fi-128gb-space-gray/JJGCQYCTW2/sku/6586895
Apple,APL-P07,MH304LL/A,walmart_us,ok,749,,in_stock,Walmart.com,http,true,2026-09-23T10:28:03.591Z,312017cd68db7c6ef28d9f824006596a2904883e99260bd31348981dc9675a29,8832b3840b7de16b5d9dd69fe7e7dfd9d6a317095ead2a4092159c332f659dcf,,https://www.walmart.com/ip/19671620550
Apple,APL-P08,MDHE4LL/A,amazon_us,blocked,,,unknown,,browser,false,2026-09-23T10:30:46.691Z,fe8d43facb4301358dd97a1e3d99e52de37b14a333ba438fccdd32c3afb581c0,c743ed80340f774ae59f0bad0c5ae3675acf464e56bf2445618be266a1f645c6,"http gave status 200, no price; trying browser | blocked: captcha",https://www.amazon.com/dp/B0GR1JTFP8
Apple,APL-P08,MDHE4LL/A,bestbuy_us,failed,,,unknown,,,,2026-09-23T10:32:09.664Z,,,"http: The operation was aborted due to timeout | browser: page.goto: net::ERR_HTTP2_PROTOCOL_ERROR at https://www.bestbuy.com/product/apple-macbook-air-13-inch-laptop-m5-chip-with-10-core-cpu-and-8-core-gpu-16gb-memory-512gb-ssd-midnight/JJGCQLKXL7
Call log:
[2m  - navigating to ""https://www.bestbuy.com/product/apple-macbook-air-13-inch-laptop-m5-chip-with-10-core-cpu-and-8-core-gpu-16gb-memory-512gb-ssd-midnight/JJGCQLKXL7"", waiting until ""domcontentloaded""[22m
",https://www.bestbuy.com/product/apple-macbook-air-13-inch-laptop-m5-chip-with-10-core-cpu-and-8-core-gpu-16gb-memory-512gb-ssd-midnight/JJGCQLKXL7
Apple,APL-P08,MDHE4LL/A,walmart_us,ok,1236.69,,in_stock,Datavision Computer Video,http,true,2026-09-23T10:28:21.887Z,1ddc8bff839ccadbe019f8d4f4c41755f7509c274dd5af53b77f09490c965a4c,5f4e2f3c3689c0b6e550d8116bb8236feff224651fc0d8eb32267b188f986c48,,https://www.walmart.com/ip/19683558480
Apple,APL-P09,MX2D3AM/A,amazon_us,blocked,,,unknown,,browser,false,2026-09-23T10:31:23.002Z,c6996cc291d6c3373e1851c8f89785774dcc0ef8074035f2fde649470ee409c7,c743ed80340f774ae59f0bad0c5ae3675acf464e56bf2445618be266a1f645c6,"http gave status 200 (captcha), no price; trying browser | blocked: captcha",https://www.amazon.com/dp/B0D3J71RM7
Apple,APL-P09,MX2D3AM/A,bestbuy_us,failed,,,unknown,,,,2026-09-23T10:32:55.077Z,,,"http: The operation was aborted due to timeout | browser: page.goto: net::ERR_HTTP2_PROTOCOL_ERROR at https://www.bestbuy.com/product/apple-pencil-pro-white/JJGCQ35H4Q
Call log:
[2m  - navigating to ""https://www.bestbuy.com/product/apple-pencil-pro-white/JJGCQ35H4Q"", waiting until ""domcontentloaded""[22m
",https://www.bestbuy.com/product/apple-pencil-pro-white/JJGCQ35H4Q
Apple,APL-P09,MX2D3AM/A,walmart_us,ok,99,129,in_stock,Walmart.com,http,true,2026-09-23T10:28:40.070Z,4cc0b06b9eb52789793d33610029c6bfbcae758dad7e3e2e76481e38e9d3aa28,056cc0b1e9e0b641dcf27132bcf6e4d6cc5862fd0fa0fc8df64cc4d94b6b222d,,https://www.walmart.com/ip/5762417070
Apple,APL-P10,MEQX4LW/A,bestbuy_us,failed,,,unknown,,,,2026-09-23T10:33:41.691Z,,,"http: The operation was aborted due to timeout | browser: page.goto: net::ERR_HTTP2_PROTOCOL_ERROR at https://www.bestbuy.com/product/apple-watch-series-11-gps-42mm-space-gray-aluminum-case-with-black-sport-band-m-l-space-gray-2025/JJGCQLX93Y/sku/6572705
Call log:
[2m  - navigating to ""https://www.bestbuy.com/product/apple-watch-series-11-gps-42mm-space-gray-aluminum-case-with-black-sport-band-m-l-space-gray-2025/JJGCQLX93Y/sku/6572705"", waiting until ""domcontentloaded""[22m
",https://www.bestbuy.com/product/apple-watch-series-11-gps-42mm-space-gray-aluminum-case-with-black-sport-band-m-l-space-gray-2025/JJGCQLX93Y/sku/6572705
LG,LG-P01,OLED65C6PUA,amazon_us,blocked,,,unknown,,browser,false,2026-09-23T10:31:58.955Z,f1953d598eb4b6b202ff6f64bf1b4e993680da2a2e0788436d4a0a862584f6dc,c743ed80340f774ae59f0bad0c5ae3675acf464e56bf2445618be266a1f645c6,"http gave status 200 (captcha), no price; trying browser | blocked: captcha",https://www.amazon.com/dp/B0GRK5D3RW
LG,LG-P01,OLED65C6PUA,bestbuy_us,failed,,,unknown,,,,2026-09-23T10:34:31.602Z,,,"http: The operation was aborted due to timeout | browser: page.goto: net::ERR_HTTP2_PROTOCOL_ERROR at https://www.bestbuy.com/product/lg-65-class-c6-series-oled-evo-ai-4k-smart-webos-tv-2026/JJ8VPZKZ8H/sku/6673112
Call log:
[2m  - navigating to ""https://www.bestbuy.com/product/lg-65-class-c6-series-oled-evo-ai-4k-smart-webos-tv-2026/JJ8VPZKZ8H/sku/6673112"", waiting until ""domcontentloaded""[22m
",https://www.bestbuy.com/product/lg-65-class-c6-series-oled-evo-ai-4k-smart-webos-tv-2026/JJ8VPZKZ8H/sku/6673112
LG,LG-P01,OLED65C6PUA,walmart_us,ok,1599.99,2099.99,in_stock,Walmart.com,http,true,2026-09-23T10:28:58.726Z,5aa6bd1ae623d6fdfa61002720691a61f12aec75691c98c6c2f5416b001b0b15,2c23c509f95b8f54113cf36ff12585d1f7403b178e7bf06d269908567e2c64de,,https://www.walmart.com/ip/18196407846
LG,LG-P02,OLED55C6PUA,amazon_us,blocked,,,unknown,,browser,false,2026-09-23T10:32:29.254Z,389660444c0161ce01f4b79650917083be4977d6a623c4dd762cb8a9b840b4d5,c743ed80340f774ae59f0bad0c5ae3675acf464e56bf2445618be266a1f645c6,"http gave status 200 (captcha), no price; trying browser | blocked: captcha",https://www.amazon.com/dp/B0GS4231WF
LG,LG-P02,OLED55C6PUA,bestbuy_us,failed,,,unknown,,,,2026-09-23T10:35:19.841Z,,,"http: The operation was aborted due to timeout | browser: page.goto: net::ERR_HTTP2_PROTOCOL_ERROR at https://www.bestbuy.com/product/lg-55-class-c6-series-oled-evo-ai-4k-smart-webos-tv-2026/JJ8VPZKKP3
Call log:
[2m  - navigating to ""https://www.bestbuy.com/product/lg-55-class-c6-series-oled-evo-ai-4k-smart-webos-tv-2026/JJ8VPZKKP3"", waiting until ""domcontentloaded""[22m
",https://www.bestbuy.com/product/lg-55-class-c6-series-oled-evo-ai-4k-smart-webos-tv-2026/JJ8VPZKKP3
LG,LG-P02,OLED55C6PUA,walmart_us,ok,1499.99,1599.99,in_stock,Beach Camera,http,true,2026-09-23T10:29:15.863Z,c4a1eed13a849f7e29ed95714b9c084d3f2eadd4609955c972044b3dead56f95,e47dadcacc67d78dfb2e097662cad1d03a220f9ac2ac3814d4f088e0b8b369f2,,https://www.walmart.com/ip/18199654202
LG,LG-P03,65QNED84BUA,amazon_us,blocked,,,unknown,,browser,false,2026-09-23T10:33:04.904Z,cc0c5fb0afaf0005077f914c92e234876d493b951fb1637b6ff0435f6d08cdb5,c743ed80340f774ae59f0bad0c5ae3675acf464e56bf2445618be266a1f645c6,"http gave status 200 (captcha), no price; trying browser | blocked: captcha",https://www.amazon.com/dp/B0GRKCHDWP
LG,LG-P03,65QNED84BUA,bestbuy_us,failed,,,unknown,,,,2026-09-23T10:36:08.915Z,,,"http: The operation was aborted due to timeout | browser: page.goto: net::ERR_HTTP2_PROTOCOL_ERROR at https://www.bestbuy.com/product/lg-65-class-84b-series-qned-evo-ai-mini-led-4k-smart-webos-tv-2026/JJ8VPZZ722/sku/6673136
Call log:
[2m  - navigating to ""https://www.bestbuy.com/product/lg-65-class-84b-series-qned-evo-ai-mini-led-4k-smart-webos-tv-2026/JJ8VPZZ722/sku/6673136"", waiting until ""domcontentloaded""[22m
",https://www.bestbuy.com/product/lg-65-class-84b-series-qned-evo-ai-mini-led-4k-smart-webos-tv-2026/JJ8VPZZ722/sku/6673136
LG,LG-P03,65QNED84BUA,walmart_us,ok,699.99,,in_stock,Wholesale Connection,http,true,2026-09-23T10:29:35.076Z,9a62acc8360e8f766aa4e8578187dd4a1fb5cd93c81009570f18c9284d46b849,c001d334525dd4ac284566efc25e9ca01e9ee81a33bbe20079fd3e2a50c85589,,https://www.walmart.com/ip/20307107554
LG,LG-P04,65QNED75BUA,bestbuy_us,failed,,,unknown,,,,2026-09-23T10:36:54.771Z,,,"http: The operation was aborted due to timeout | browser: page.goto: net::ERR_HTTP2_PROTOCOL_ERROR at https://www.bestbuy.com/product/lg-65-class-75b-series-qned-ai-mini-led-4k-smart-webos-tv-2026/JJ8VPZKFCF
Call log:
[2m  - navigating to ""https://www.bestbuy.com/product/lg-65-class-75b-series-qned-ai-mini-led-4k-smart-webos-tv-2026/JJ8VPZKFCF"", waiting until ""domcontentloaded""[22m
",https://www.bestbuy.com/product/lg-65-class-75b-series-qned-ai-mini-led-4k-smart-webos-tv-2026/JJ8VPZKFCF
LG,LG-P04,65QNED75BUA,walmart_us,ok,589.9,,in_stock,Wholesale Connection,http,true,2026-09-23T10:29:50.292Z,d9fabde5703741127f6fe3c651d772550073ed8be548580fb3554a90a9362141,6aae7389929f4e0bad827b8fb835d77cd1318225c189acf5e5c5b418c9c69aac,,https://www.walmart.com/ip/20682002623
LG,LG-P05,27GX790A-B,amazon_us,blocked,,,unknown,,browser,false,2026-09-23T10:33:39.923Z,7c695ef2d44c8365309706e9e971ab5a7d36be7522db61e55e913ed40f0110d6,c743ed80340f774ae59f0bad0c5ae3675acf464e56bf2445618be266a1f645c6,"http gave status 200 (captcha), no price; trying browser | blocked: captcha",https://www.amazon.com/dp/B0DMPTN8DG
LG,LG-P05,27GX790A-B,bestbuy_us,failed,,,unknown,,,,2026-09-23T10:37:42.631Z,,,"http: The operation was aborted due to timeout | browser: page.goto: net::ERR_HTTP2_PROTOCOL_ERROR at https://www.bestbuy.com/product/lg-ultragear-27-oled-qhd-480hz-0-03ms-nvidia-g-sync-amd-freesync-premium-pro-gaming-monitor-hdmi-x2-displayport-usb-black/JJ8VPZTF8C
Call log:
[2m  - navigating to ""https://www.bestbuy.com/product/lg-ultragear-27-oled-qhd-480hz-0-03ms-nvidia-g-sync-amd-freesync-premium-pro-gaming-monitor-hdmi-x2-displayport-usb-black/JJ8VPZTF8C"", waiting until ""domcontentloaded""[22m
",https://www.bestbuy.com/product/lg-ultragear-27-oled-qhd-480hz-0-03ms-nvidia-g-sync-amd-freesync-premium-pro-gaming-monitor-hdmi-x2-displayport-usb-black/JJ8VPZTF8C
LG,LG-P05,27GX790A-B,walmart_us,ok,649.99,,in_stock,Newegg Inc.,http,true,2026-09-23T10:30:06.967Z,ccd5a456b27a55f5d5a1609b1bcfbfda7909590c98e78653dedc7b4c4a6b2ba0,a4517daee4cbdb8d42087877946a4ea88c8f15da914b009b962a121e79bb3b8a,,https://www.walmart.com/ip/15027211854
LG,LG-P06,27GX704A-B,amazon_us,blocked,,,unknown,,browser,false,2026-09-23T10:34:17.706Z,21bec5dd7d7fc62ce4e657bf963ff056ad6d8e9ecf2e02bb0d1bcfde28a2ecdc,c743ed80340f774ae59f0bad0c5ae3675acf464e56bf2445618be266a1f645c6,"http gave status 200, no price; trying browser | blocked: captcha",https://www.amazon.com/dp/B0FNQ4B2Z2
LG,LG-P06,27GX704A-B,bestbuy_us,failed,,,unknown,,,,2026-09-23T10:38:29.381Z,,,"http: The operation was aborted due to timeout | browser: page.goto: net::ERR_HTTP2_PROTOCOL_ERROR at https://www.bestbuy.com/product/lg-ultragear-27-qhd-glossy-oled-240hz-gaming-monitor-0-03ms-nvidia-g-sync-amd-freesync-premium-pro-displayhdr-trueblack400-black/JJ8VPZK94J/sku/11972434
Call log:
[2m  - navigating to ""https://www.bestbuy.com/product/lg-ultragear-27-qhd-glossy-oled-240hz-gaming-monitor-0-03ms-nvidia-g-sync-amd-freesync-premium-pro-displayhdr-trueblack400-black/JJ8VPZK94J/sku/11972434"", waiting until ""domcontentloaded""[22m
",https://www.bestbuy.com/product/lg-ultragear-27-qhd-glossy-oled-240hz-gaming-monitor-0-03ms-nvidia-g-sync-amd-freesync-premium-pro-displayhdr-trueblack400-black/JJ8VPZK94J/sku/11972434
LG,LG-P06,27GX704A-B,walmart_us,ok,399.99,499.99,in_stock,Electronic Express,http,true,2026-09-23T10:30:25.603Z,6098cc758073696d20633576be444281483e896f004f0ae3c75db7ab5ee2d718,05ec44f24419d5eb8ceed8e1b30563f47a80915f3cdd6ef844ae9cd36edee29e,,https://www.walmart.com/ip/17620862962
LG,LG-P07,WM4000HWA,amazon_us,blocked,,,unknown,,browser,false,2026-09-23T10:34:55.734Z,bbee6495f11303fd914abf65ae739e52d730135f2b05cdf76d93beca88446066,c743ed80340f774ae59f0bad0c5ae3675acf464e56bf2445618be266a1f645c6,"http gave status 200 (captcha), no price; trying browser | blocked: captcha",https://www.amazon.com/dp/B0B1LPV6Z5
LG,LG-P07,WM4000HWA,bestbuy_us,failed,,,unknown,,,,2026-09-23T10:39:15.162Z,,,"http: The operation was aborted due to timeout | browser: page.goto: net::ERR_HTTP2_PROTOCOL_ERROR at https://www.bestbuy.com/product/lg-4-5-cu-ft-high-efficiency-stackable-smart-front-load-washer-with-steam-and-built-in-intelligence-white/J7G564PZ86/sku/6419621
Call log:
[2m  - navigating to ""https://www.bestbuy.com/product/lg-4-5-cu-ft-high-efficiency-stackable-smart-front-load-washer-with-steam-and-built-in-intelligence-white/J7G564PZ86/sku/6419621"", waiting until ""domcontentloaded""[22m
",https://www.bestbuy.com/product/lg-4-5-cu-ft-high-efficiency-stackable-smart-front-load-washer-with-steam-and-built-in-intelligence-white/J7G564PZ86/sku/6419621
LG,LG-P07,WM4000HWA,walmart_us,partial,947,,unknown,Locust Apl,http,true,2026-09-23T10:30:42.500Z,2d3ed5c1e02062a6cc507075b8fc6beae28b41ea679fc8df88122d03c2d59d98,b6243bf10627a5a0a9c851172ffabdeb31127d52dd992d6ee29039d2d8ee45ae,,https://www.walmart.com/ip/774051788
LG,LG-P08,LF21G6200S,amazon_us,blocked,,,unknown,,browser,false,2026-09-23T10:35:30.688Z,435d7a80994bb4476a54641684d93a3aed227e70a2c51eac4db1d3a14a30e7a2,c743ed80340f774ae59f0bad0c5ae3675acf464e56bf2445618be266a1f645c6,"http gave status 200 (captcha), no price; trying browser | blocked: captcha",https://www.amazon.com/dp/B0F94WS3KW
LG,LG-P08,LF21G6200S,bestbuy_us,failed,,,unknown,,,,2026-09-23T10:40:01.148Z,,,"http: The operation was aborted due to timeout | browser: page.goto: net::ERR_HTTP2_PROTOCOL_ERROR at https://www.bestbuy.com/product/lg-counter-depth-max-20-8-cu-ft-french-door-smart-refrigerator-with-ice-stainless-steel/JJ8VPZQS5W
Call log:
[2m  - navigating to ""https://www.bestbuy.com/product/lg-counter-depth-max-20-8-cu-ft-french-door-smart-refrigerator-with-ice-stainless-steel/JJ8VPZQS5W"", waiting until ""domcontentloaded""[22m
",https://www.bestbuy.com/product/lg-counter-depth-max-20-8-cu-ft-french-door-smart-refrigerator-with-ice-stainless-steel/JJ8VPZQS5W
LG,LG-P08,LF21G6200S,walmart_us,partial,1499,1762.87,unknown,Brandsmart USA,http,true,2026-09-23T10:30:59.963Z,32f8e99ff40cc551b518c901cd0d990fe8dd835314e2769e42d97df1f7c1500a,94424b3f586b955f602b90ae3f1b4282bc92702e5d8c1fcecdd03b3af1f4be2d,,https://www.walmart.com/ip/5318023297
LG,LG-P09,S90TY,amazon_us,not_found,,,unknown,,http,false,2026-09-23T10:35:49.818Z,34c92fb4c6351b94e5cc16f68bb483b0fcda57ee7c43887214005b87d1888d3a,663a2b65e226ad5fb7d500b7380f10775c21571b3517d5b53a3de941bc9a877b,,https://www.amazon.com/dp/B0FKB4VTDY
LG,LG-P09,S90TY,bestbuy_us,failed,,,unknown,,,,2026-09-23T10:40:46.422Z,,,"http: The operation was aborted due to timeout | browser: page.goto: net::ERR_HTTP2_PROTOCOL_ERROR at https://www.bestbuy.com/product/lg-5-1-3-channel-s90ty-soundbar-with-wireless-subwoofer-dolby-atmos-wow-orchestra-black/JJ8VPZQWFS
Call log:
[2m  - navigating to ""https://www.bestbuy.com/product/lg-5-1-3-channel-s90ty-soundbar-with-wireless-subwoofer-dolby-atmos-wow-orchestra-black/JJ8VPZQWFS"", waiting until ""domcontentloaded""[22m
",https://www.bestbuy.com/product/lg-5-1-3-channel-s90ty-soundbar-with-wireless-subwoofer-dolby-atmos-wow-orchestra-black/JJ8VPZQWFS
LG,LG-P10,16U55U-H.AU77U3,amazon_us,blocked,,,unknown,,browser,false,2026-09-23T10:36:21.942Z,d0e15b7a4b93be8fad1cb4ed1a80c309b12b7ed61f9bb51dc8d1c2d6ff9796de,c743ed80340f774ae59f0bad0c5ae3675acf464e56bf2445618be266a1f645c6,"http gave status 200 (captcha), no price; trying browser | blocked: captcha",https://www.amazon.com/dp/B0H6Z6G58D
LG,LG-P10,16U55U-H.AU77U3,bestbuy_us,failed,,,unknown,,,,2026-09-23T10:41:31.509Z,,,"http: The operation was aborted due to timeout | browser: page.goto: net::ERR_HTTP2_PROTOCOL_ERROR at https://www.bestbuy.com/product/lg-gram-book-16-copilot-pc-touchscreen-laptop-with-amd-ryzen-ai-7-445-16gb-ram-1tb-ssd-titan-black/JJ8VPZZLZG/sku/6670750
Call log:
[2m  - navigating to ""https://www.bestbuy.com/product/lg-gram-book-16-copilot-pc-touchscreen-laptop-with-amd-ryzen-ai-7-445-16gb-ram-1tb-ssd-titan-black/JJ8VPZZLZG/sku/6670750"", waiting until ""domcontentloaded""[22m
",https://www.bestbuy.com/product/lg-gram-book-16-copilot-pc-touchscreen-laptop-with-amd-ryzen-ai-7-445-16gb-ram-1tb-ssd-titan-black/JJ8VPZZLZG/sku/6670750
Samsung,SAM-P01,SM-S948UZKAXAA,amazon_us,blocked,,,unknown,,browser,false,2026-09-23T10:36:55.129Z,57c73dd66e87c32ea8f225b66310703b72f857b0a7bfeb13c30fa4ed67721304,c743ed80340f774ae59f0bad0c5ae3675acf464e56bf2445618be266a1f645c6,"http gave status 200 (captcha), no price; trying browser | blocked: captcha",https://www.amazon.com/dp/B0G4SWDH8P
Samsung,SAM-P01,SM-S948UZKAXAA,bestbuy_us,failed,,,unknown,,,,2026-09-23T10:42:20.076Z,,,"http: The operation was aborted due to timeout | browser: page.goto: net::ERR_HTTP2_PROTOCOL_ERROR at https://www.bestbuy.com/product/samsung-galaxy-s26-ultra-256gb-unlocked-black/JJGRF36YGZ
Call log:
[2m  - navigating to ""https://www.bestbuy.com/product/samsung-galaxy-s26-ultra-256gb-unlocked-black/JJGRF36YGZ"", waiting until ""domcontentloaded""[22m
",https://www.bestbuy.com/product/samsung-galaxy-s26-ultra-256gb-unlocked-black/JJGRF36YGZ
Samsung,SAM-P01,SM-S948UZKAXAA,walmart_us,ok,953,,in_stock,Spice Mobile,http,true,2026-09-23T10:31:16.835Z,ecd61936d4ae3d0392aaacd2bd46fd3a90fc0b5648ed5fdda4ffc4fa998d03f0,b4ea51ce2c4de3d24d06b6de070979a8dfec8e56ec3558d845357922aa91c18b,,https://www.walmart.com/ip/19199350891
Samsung,SAM-P02,SM-S942UZKEXAA,bestbuy_us,failed,,,unknown,,,,2026-09-23T10:43:07.823Z,,,"http: The operation was aborted due to timeout | browser: page.goto: net::ERR_HTTP2_PROTOCOL_ERROR at https://www.bestbuy.com/product/samsung-galaxy-s26-256gb-unlocked-black/JJGRF36PKH/sku/6669751
Call log:
[2m  - navigating to ""https://www.bestbuy.com/product/samsung-galaxy-s26-256gb-unlocked-black/JJGRF36PKH/sku/6669751"", waiting until ""domcontentloaded""[22m
",https://www.bestbuy.com/product/samsung-galaxy-s26-256gb-unlocked-black/JJGRF36PKH/sku/6669751
Samsung,SAM-P02,SM-S942UZKEXAA,walmart_us,ok,719,,in_stock,Spice Mobile,http,true,2026-09-23T10:31:35.383Z,8d0f01f1d5cb13e0b2ccfc44f163bc7f5b8f158cfe79bd46f784c3c5af055e21,b83951affbd4c3c06e29556398bb4b11791471356b8cd2357a8e3f493b9995dc,,https://www.walmart.com/ip/19202402404
Samsung,SAM-P03,SM-R640NZKAXAR,amazon_us,blocked,,,unknown,,browser,false,2026-09-23T10:37:33.790Z,b3af5d796e84d307c31b0a7285c91627e8ba17bacf549c5aa3d7656aefc9f7b5,c743ed80340f774ae59f0bad0c5ae3675acf464e56bf2445618be266a1f645c6,"http gave status 200 (captcha), no price; trying browser | blocked: captcha",https://www.amazon.com/dp/B0G1PJLWLZ
Samsung,SAM-P03,SM-R640NZKAXAR,bestbuy_us,failed,,,unknown,,,,2026-09-23T10:43:57.014Z,,,"http: The operation was aborted due to timeout | browser: page.goto: net::ERR_HTTP2_PROTOCOL_ERROR at https://www.bestbuy.com/product/samsung-galaxy-buds4-pro-wireless-earbud-headphones-black/JJGRF3Q958/sku/6668660
Call log:
[2m  - navigating to ""https://www.bestbuy.com/product/samsung-galaxy-buds4-pro-wireless-earbud-headphones-black/JJGRF3Q958/sku/6668660"", waiting until ""domcontentloaded""[22m
",https://www.bestbuy.com/product/samsung-galaxy-buds4-pro-wireless-earbud-headphones-black/JJGRF3Q958/sku/6668660
Samsung,SAM-P03,SM-R640NZKAXAR,walmart_us,ok,249.99,,in_stock,Walmart.com,http,false,2026-09-23T10:31:54.272Z,a121a9ac7b25acbe79aeb2a1aa988d523883d6abbf3a0c2add2716aca2411a90,c4ba2b76e57fd4ec18ba7501b9c9b88d62dc8cd68763c978b9add427647607b5,,https://www.walmart.com/ip/19035974776
Samsung,SAM-P04,SM-L330NDAAXAA,amazon_us,ok,289.99,329.99,in_stock,Amazon.com,browser,false,2026-09-23T10:38:09.098Z,46ca59b22580f334a38bb7f321e2e3c658e37e0469b34b48d1642d4b832b4ce6,80f3523bff21d9ff65cd991b6999852d4f34f76c89840fd37689b374507c0c05,"http gave status 200 (captcha), no price; trying browser",https://www.amazon.com/dp/B0F7PZNZQD
Samsung,SAM-P04,SM-L330NDAAXAA,bestbuy_us,failed,,,unknown,,,,2026-09-23T10:44:46.317Z,,,"http: The operation was aborted due to timeout | browser: page.goto: net::ERR_HTTP2_PROTOCOL_ERROR at https://www.bestbuy.com/product/samsung-galaxy-watch8-aluminum-smartwatch-44mm-bt-graphite-2025/JJGRF3XGRG
Call log:
[2m  - navigating to ""https://www.bestbuy.com/product/samsung-galaxy-watch8-aluminum-smartwatch-44mm-bt-graphite-2025/JJGRF3XGRG"", waiting until ""domcontentloaded""[22m
",https://www.bestbuy.com/product/samsung-galaxy-watch8-aluminum-smartwatch-44mm-bt-graphite-2025/JJGRF3XGRG
Samsung,SAM-P04,SM-L330NDAAXAA,walmart_us,ok,289.99,429.99,in_stock,Datavision Computer Video,http,true,2026-09-23T10:32:11.821Z,f74fe5565103b56b3ecb323ed6c32dffb42ad57904319bfa7e0042740668a570,e12b932a1575dde594f483839889da9bad3b323687b7fce79f91704c139fbfd1,,https://www.walmart.com/ip/17014300659
Samsung,SAM-P05,SM-X730NZAAXAR,amazon_us,ok,699.99,899.99,limited,Amazon.com,browser,false,2026-09-23T10:38:45.878Z,9c6eecab818eb6f6809ceb45b8082b38bb6666d0dc1cb45a61a7d6aa555efead,877371fa0e5ccf702b6b7263adf519a2861bc9dfc1399a20b404c0ea262e5a69,"http gave status 200 (captcha), no price; trying browser",https://www.amazon.com/dp/B0FGKCL9C2
Samsung,SAM-P05,SM-X730NZAAXAR,bestbuy_us,failed,,,unknown,,,,2026-09-23T10:45:32.287Z,,,"http: The operation was aborted due to timeout | browser: page.goto: net::ERR_HTTP2_PROTOCOL_ERROR at https://www.bestbuy.com/product/samsung-galaxy-tab-s11-11-128gb-wi-fi-with-s-pen-gray/JJGRF39WLC/sku/6641206
Call log:
[2m  - navigating to ""https://www.bestbuy.com/product/samsung-galaxy-tab-s11-11-128gb-wi-fi-with-s-pen-gray/JJGRF39WLC/sku/6641206"", waiting until ""domcontentloaded""[22m
",https://www.bestbuy.com/product/samsung-galaxy-tab-s11-11-128gb-wi-fi-with-s-pen-gray/JJGRF39WLC/sku/6641206
Samsung,SAM-P05,SM-X730NZAAXAR,walmart_us,ok,699.99,,in_stock,ANR TECH,http,true,2026-09-23T10:32:30.493Z,76846d1c1196c0b4f62763a17940eee7d2fd5a96d25c52d528001d839626cda1,d6062a9e15fb99643625c564ff52c7720734f0e68452e3c0a8a9296b5b882239,,https://www.walmart.com/ip/17347308731
Samsung,SAM-P06,QN65S90HAEXZA,amazon_us,blocked,,,unknown,,browser,false,2026-09-23T10:39:23.423Z,701d07d8cd1adbe138cef5a576333a38fcb2a30edcc374811df4f803774fb2bb,c743ed80340f774ae59f0bad0c5ae3675acf464e56bf2445618be266a1f645c6,"http gave status 200 (captcha), no price; trying browser | blocked: captcha",https://www.amazon.com/dp/B0GPY4Y2VF
Samsung,SAM-P06,QN65S90HAEXZA,bestbuy_us,failed,,,unknown,,,,2026-09-23T10:46:17.359Z,,,"http: The operation was aborted due to timeout | browser: page.goto: net::ERR_HTTP2_PROTOCOL_ERROR at https://www.bestbuy.com/product/samsung-65-class-s90h-oled-4k-glare-free-tv-with-samsungvisionai-2026/JJGRF3QG5V/sku/6671584
Call log:
[2m  - navigating to ""https://www.bestbuy.com/product/samsung-65-class-s90h-oled-4k-glare-free-tv-with-samsungvisionai-2026/JJGRF3QG5V/sku/6671584"", waiting until ""domcontentloaded""[22m
",https://www.bestbuy.com/product/samsung-65-class-s90h-oled-4k-glare-free-tv-with-samsungvisionai-2026/JJGRF3QG5V/sku/6671584
Samsung,SAM-P06,QN65S90HAEXZA,walmart_us,ok,1697.99,1797.99,in_stock,Electronic Express,http,true,2026-09-23T10:32:47.469Z,ff1535293f63f9172fcd0025389ce107ecb0b063169991b60801116b2843f08b,5a3f1b9ad2993dea6dbf9cf6e94cfcee9a273180626cc6f4d3c9fc0dcde96c6f,,https://www.walmart.com/ip/19931816238
Samsung,SAM-P07,QN65QN90FAFXZA,bestbuy_us,failed,,,unknown,,,,2026-09-23T10:47:05.714Z,,,"http: The operation was aborted due to timeout | browser: page.goto: net::ERR_HTTP2_PROTOCOL_ERROR at https://www.bestbuy.com/product/samsung-65-class-qn90f-series-neo-qled-mini-led-4k-uhd-samsungvision-ai-smart-tizen-tv-2025/J3ZYG2FZG8/sku/6613496
Call log:
[2m  - navigating to ""https://www.bestbuy.com/product/samsung-65-class-qn90f-series-neo-qled-mini-led-4k-uhd-samsungvision-ai-smart-tizen-tv-2025/J3ZYG2FZG8/sku/6613496"", waiting until ""domcontentloaded""[22m
",https://www.bestbuy.com/product/samsung-65-class-qn90f-series-neo-qled-mini-led-4k-uhd-samsungvision-ai-smart-tizen-tv-2025/J3ZYG2FZG8/sku/6613496
Samsung,SAM-P08,QN65LS03HWFXZA,amazon_us,failed,,,unknown,,browser,false,2026-09-23T10:40:02.379Z,f5b7a54121cd12b10687449769602d012a2511c206251e736533df683e01641c,66bf94d03ba7df1ddb1b43d1813613b5c13773acecf0a526984324b447d1df62,"http gave status 200, no price; trying browser | page loaded but no price was found",https://www.amazon.com/dp/B0GPY9FY4L
Samsung,SAM-P08,QN65LS03HWFXZA,bestbuy_us,failed,,,unknown,,,,2026-09-23T10:47:51.850Z,,,"http: The operation was aborted due to timeout | browser: page.goto: net::ERR_HTTP2_PROTOCOL_ERROR at https://www.bestbuy.com/product/samsung-65-class-ls03hw-series-the-frame-pro-4k-uhd-samsungvision-ai-smart-tizen-tv-2026/JJGRF3QH8H
Call log:
[2m  - navigating to ""https://www.bestbuy.com/product/samsung-65-class-ls03hw-series-the-frame-pro-4k-uhd-samsungvision-ai-smart-tizen-tv-2026/JJGRF3QH8H"", waiting until ""domcontentloaded""[22m
",https://www.bestbuy.com/product/samsung-65-class-ls03hw-series-the-frame-pro-4k-uhd-samsungvision-ai-smart-tizen-tv-2026/JJGRF3QH8H
Samsung,SAM-P08,QN65LS03HWFXZA,walmart_us,ok,1797.99,,in_stock,Video & Audio Center,http,true,2026-09-23T10:33:03.193Z,d6448f4c456bdb22a67bfb901181ba92067b13258f2e2cdff28e60ec9adee76e,9325e2c3517d7354df3b6cb11b74a87e8a4befd0aaee454e8bf52c3fdf069b60,,https://www.walmart.com/ip/20008614465
Samsung,SAM-P09,MU-PE2T0S/AM,amazon_us,ok,519.98,574.99,in_stock,Amazon.com,http,true,2026-09-23T10:40:21.402Z,79ab213732384084bfdf4ccec79f5eb551f600c7ffb6a6661f10a01b4388526b,30461e997bca1f93ad0aaa5b9e9621b3ae533401a0c7148ba54da33112c10406,,https://www.amazon.com/dp/B09VLHR4JC
Samsung,SAM-P09,MU-PE2T0S/AM,bestbuy_us,failed,,,unknown,,,,2026-09-23T10:48:39.501Z,,,"http: The operation was aborted due to timeout | browser: page.goto: net::ERR_HTTP2_PROTOCOL_ERROR at https://www.bestbuy.com/site/samsung-t7-shield-2tb-external-usb-3-2-gen-2-rugged-ssd-ip65-water-resistant-black/6501714.p?skuId=6501714
Call log:
[2m  - navigating to ""https://www.bestbuy.com/site/samsung-t7-shield-2tb-external-usb-3-2-gen-2-rugged-ssd-ip65-water-resistant-black/6501714.p?skuId=6501714"", waiting until ""domcontentloaded""[22m
",https://www.bestbuy.com/site/samsung-t7-shield-2tb-external-usb-3-2-gen-2-rugged-ssd-ip65-water-resistant-black/6501714.p?skuId=6501714
Samsung,SAM-P09,MU-PE2T0S/AM,walmart_us,ok,514.99,,in_stock,Fullbright Sales,http,true,2026-09-23T10:33:22.939Z,0305636698b276b81b9598e3404d9757000f04af4d2da5697e211bfa59bce492,3ff709dec30e8a28c410c0048051b719af7d73cb13ea9daef4eed8f319a1e1f4,,https://www.walmart.com/ip/716119515
Samsung,SAM-P10,LS27HG612SNXZA,amazon_us,blocked,,,unknown,,browser,false,2026-09-23T10:40:54.877Z,754f7e06d75c539d4122e4a0134da9beb2c18bca2c14c20faa6fd3a5f44e7b02,c743ed80340f774ae59f0bad0c5ae3675acf464e56bf2445618be266a1f645c6,"http gave status 200 (captcha), no price; trying browser | blocked: captcha",https://www.amazon.com/dp/B0GDSC8K2H
Samsung,SAM-P10,LS27HG612SNXZA,bestbuy_us,failed,,,unknown,,,,2026-09-23T10:49:30.011Z,,,"http: The operation was aborted due to timeout | browser: page.goto: net::ERR_HTTP2_PROTOCOL_ERROR at https://www.bestbuy.com/product/samsung-27-odyssey-oled-g6-g61sh-qhd-240hz-0-03ms-amd-freesync-premium-glare-free-gaming-monitor-black/JJGRF3RHX7/sku/6673763
Call log:
[2m  - navigating to ""https://www.bestbuy.com/product/samsung-27-odyssey-oled-g6-g61sh-qhd-240hz-0-03ms-amd-freesync-premium-glare-free-gaming-monitor-black/JJGRF3RHX7/sku/6673763"", waiting until ""domcontentloaded""[22m
",https://www.bestbuy.com/product/samsung-27-odyssey-oled-g6-g61sh-qhd-240hz-0-03ms-amd-freesync-premium-glare-free-gaming-monitor-black/JJGRF3RHX7/sku/6673763
Samsung,SAM-P10,LS27HG612SNXZA,walmart_us,ok,599.99,,in_stock,Datavision Computer Video,http,true,2026-09-23T10:33:41.482Z,ca8db95b4ecd53e44167c8b46470ba972ff6b20649d81e2e6391a773e7d665de,54387cd7e37f82d25a0ac1cce1bccffa22caa2c5cf0dd4cd0f16fc4ef6d9fbf4,,https://www.walmart.com/ip/20044002869